output,component,pair,S2,S2_conf
veracity_differential,deterministic,v_cost*loss,0.0010723014812504348,0.013474095342914534
veracity_differential,deterministic,v_cost*tpr,0.003619340776755825,0.013622300175472427
veracity_differential,deterministic,v_cost*fpr,-0.002091641875234862,0.015088527700934546
veracity_differential,deterministic,v_cost*p_fake,0.00339485051388011,0.014339121042516133
veracity_differential,deterministic,v_cost*log10_lambda,-0.0033325810641048337,0.013644244591988118
veracity_differential,deterministic,v_cost*loss_aversion,0.004260956020775324,0.013820337279615789
veracity_differential,deterministic,loss*tpr,0.0029052468688041677,0.03213528215977379
veracity_differential,deterministic,loss*fpr,-0.0040018670115051225,0.03374683663725641
veracity_differential,deterministic,loss*p_fake,0.015284013546481207,0.0363599802175179
veracity_differential,deterministic,loss*log10_lambda,0.015652074403822658,0.039228198823742885
veracity_differential,deterministic,loss*loss_aversion,-0.007835652796538431,0.03177612567253557
veracity_differential,deterministic,tpr*fpr,-0.021348459079089,0.058742275297245274
veracity_differential,deterministic,tpr*p_fake,-0.023194157607303256,0.05440424162786766
veracity_differential,deterministic,tpr*log10_lambda,-0.012938374012236686,0.06694755475938469
veracity_differential,deterministic,tpr*loss_aversion,-0.015688141989592584,0.05256541731062221
veracity_differential,deterministic,fpr*p_fake,0.0009318725810023021,0.058836801267334704
veracity_differential,deterministic,fpr*log10_lambda,-0.01484820302131723,0.06885685208358454
veracity_differential,deterministic,fpr*loss_aversion,-0.016177633035790943,0.05436384542057028
veracity_differential,deterministic,p_fake*log10_lambda,0.08933188915192003,0.07385514079796947
veracity_differential,deterministic,p_fake*loss_aversion,-0.04398109735282648,0.06268905630552607
veracity_differential,deterministic,log10_lambda*loss_aversion,-0.004645132863185042,0.07921726107803585
veracity_differential,stochastic,v_cost*loss,-0.001460744620708371,0.050516078965146795
veracity_differential,stochastic,v_cost*tpr,-0.007811920079549575,0.037144176174156184
veracity_differential,stochastic,v_cost*fpr,-0.025005655473896958,0.06719454899231088
veracity_differential,stochastic,v_cost*p_fake,-0.006136960866812091,0.05195543346952538
veracity_differential,stochastic,v_cost*log10_lambda,-0.0018608320761082098,0.08571356941273127
veracity_differential,stochastic,v_cost*loss_aversion,0.010560436885018922,0.040522719421990726
veracity_differential,stochastic,loss*tpr,0.0240227918527815,0.04956419559001662
veracity_differential,stochastic,loss*fpr,0.030757785403088822,0.08333815778767799
veracity_differential,stochastic,loss*p_fake,-0.053267304462996906,0.14099783266413898
veracity_differential,stochastic,loss*log10_lambda,0.025851970666109447,0.0954968037967804
veracity_differential,stochastic,loss*loss_aversion,0.020138255398476735,0.06111720484638591
veracity_differential,stochastic,tpr*fpr,0.08724437197492495,0.15673103756978385
veracity_differential,stochastic,tpr*p_fake,0.016127028151700223,0.08733370329349484
veracity_differential,stochastic,tpr*log10_lambda,0.09892864139997291,0.15937658863896725
veracity_differential,stochastic,tpr*loss_aversion,0.01219862760213052,0.07079134738642591
veracity_differential,stochastic,fpr*p_fake,0.011254428593503313,0.10670748107035694
veracity_differential,stochastic,fpr*log10_lambda,-0.004576648256085031,0.10382135701945899
veracity_differential,stochastic,fpr*loss_aversion,0.03977425080355323,0.0831155203099993
veracity_differential,stochastic,p_fake*log10_lambda,0.054202647529437833,0.20894786143075011
veracity_differential,stochastic,p_fake*loss_aversion,-0.08252300159962639,0.16132666883350272
veracity_differential,stochastic,log10_lambda*loss_aversion,-0.008989163813833533,0.09545598075826629
avg_verify_rate,deterministic,v_cost*loss,-0.002584846565980254,0.019363720711244117
avg_verify_rate,deterministic,v_cost*tpr,0.002123383397995754,0.020159554025964282
avg_verify_rate,deterministic,v_cost*fpr,0.001544009459685334,0.019931332572323282
avg_verify_rate,deterministic,v_cost*p_fake,0.001748933961056437,0.020195841796189114
avg_verify_rate,deterministic,v_cost*log10_lambda,-0.0031493120298999866,0.019427406667619152
avg_verify_rate,deterministic,v_cost*loss_aversion,0.004205991264237013,0.01987624993833784
avg_verify_rate,deterministic,loss*tpr,0.0006618773253973254,0.03338067404293716
avg_verify_rate,deterministic,loss*fpr,-0.005098179937695239,0.03398145109986606
avg_verify_rate,deterministic,loss*p_fake,0.0022482056734447475,0.038714654975586564
avg_verify_rate,deterministic,loss*log10_lambda,0.022641821009949326,0.04216017762147765
avg_verify_rate,deterministic,loss*loss_aversion,-0.01068897947211219,0.03415342475707286
avg_verify_rate,deterministic,tpr*fpr,-0.01598029389760056,0.04063260024012207
avg_verify_rate,deterministic,tpr*p_fake,-0.01988938034331053,0.04282387510336775
avg_verify_rate,deterministic,tpr*log10_lambda,-0.0024201874496739273,0.053881409093724235
avg_verify_rate,deterministic,tpr*loss_aversion,-0.017532831181933682,0.04114043478087916
avg_verify_rate,deterministic,fpr*p_fake,-0.0051067408990446705,0.026949574536030422
avg_verify_rate,deterministic,fpr*log10_lambda,0.006447004713226179,0.030655943092770244
avg_verify_rate,deterministic,fpr*loss_aversion,-0.0021127430259834552,0.024834839547554066
avg_verify_rate,deterministic,p_fake*log10_lambda,0.10972765805802265,0.07224799357483279
avg_verify_rate,deterministic,p_fake*loss_aversion,-0.07728466113961979,0.06125974306922006
avg_verify_rate,deterministic,log10_lambda*loss_aversion,0.015691357738636925,0.07523305767599289
avg_verify_rate,stochastic,v_cost*loss,0.011518349207527463,0.03714785756007693
avg_verify_rate,stochastic,v_cost*tpr,-0.0021868828379136077,0.03779299183975106
avg_verify_rate,stochastic,v_cost*fpr,-0.010942487547809993,0.042007321817565516
avg_verify_rate,stochastic,v_cost*p_fake,-0.010126298594704652,0.07524413673766471
avg_verify_rate,stochastic,v_cost*log10_lambda,-0.0008930682241532345,0.0920386449234236
avg_verify_rate,stochastic,v_cost*loss_aversion,0.011800547412097823,0.03820409672656897
avg_verify_rate,stochastic,loss*tpr,0.001140511207890063,0.04572613404836738
avg_verify_rate,stochastic,loss*fpr,0.03725195543874469,0.061699227363809936
avg_verify_rate,stochastic,loss*p_fake,-0.07308711058288239,0.16102852503356302
avg_verify_rate,stochastic,loss*log10_lambda,0.08341840638845809,0.13088390807053624
avg_verify_rate,stochastic,loss*loss_aversion,0.029888264794267545,0.06124137508978698
avg_verify_rate,stochastic,tpr*fpr,0.06395731323791716,0.12443104134080817
avg_verify_rate,stochastic,tpr*p_fake,0.006489541020376743,0.10892669078648738
avg_verify_rate,stochastic,tpr*log10_lambda,0.11835574460512212,0.18486453557087923
avg_verify_rate,stochastic,tpr*loss_aversion,0.023688906595562047,0.08361619731432623
avg_verify_rate,stochastic,fpr*p_fake,-0.004398705048700713,0.08780674846223306
avg_verify_rate,stochastic,fpr*log10_lambda,0.012616056357969599,0.10327751892940254
avg_verify_rate,stochastic,fpr*loss_aversion,0.022297672073662768,0.06430885620543353
avg_verify_rate,stochastic,p_fake*log10_lambda,0.06224535405528127,0.2421608509884698
avg_verify_rate,stochastic,p_fake*loss_aversion,-0.13899858012531677,0.17187911889121424
avg_verify_rate,stochastic,log10_lambda*loss_aversion,0.038496697646180474,0.12139459154075107
avg_payoff,deterministic,v_cost*loss,-0.003153213317761588,0.007789266308675968
avg_payoff,deterministic,v_cost*tpr,-0.003009278305382279,0.007895155692653475
avg_payoff,deterministic,v_cost*fpr,-0.003333227028667389,0.008134832979457421
avg_payoff,deterministic,v_cost*p_fake,-0.0007721772912060443,0.007993348846709717
avg_payoff,deterministic,v_cost*log10_lambda,-0.0027765126335581244,0.008584488181221503
avg_payoff,deterministic,v_cost*loss_aversion,-0.0024406974478622576,0.007875444237504792
avg_payoff,deterministic,loss*tpr,0.0072381248623112175,0.025659241175470894
avg_payoff,deterministic,loss*fpr,0.009561398191718796,0.02634827762245654
avg_payoff,deterministic,loss*p_fake,0.020875465250742797,0.031191419109098457
avg_payoff,deterministic,loss*log10_lambda,0.01266821478029323,0.027868632395103912
avg_payoff,deterministic,loss*loss_aversion,0.00534826097258972,0.025628028518223774
avg_payoff,deterministic,tpr*fpr,2.9164575480265797e-05,0.02070351975368192
avg_payoff,deterministic,tpr*p_fake,0.0017341973701160418,0.01994917252034969
avg_payoff,deterministic,tpr*log10_lambda,-0.002015042318372892,0.02064284771849567
avg_payoff,deterministic,tpr*loss_aversion,-0.0004324665080605399,0.020053540973863127
avg_payoff,deterministic,fpr*p_fake,0.008246955288227276,0.03275867888247815
avg_payoff,deterministic,fpr*log10_lambda,0.0008542047830570471,0.029210712989656433
avg_payoff,deterministic,fpr*loss_aversion,1.4446765412010456e-05,0.02895741770613982
avg_payoff,deterministic,p_fake*log10_lambda,0.05276038609853427,0.13490154144861535
avg_payoff,deterministic,p_fake*loss_aversion,-0.008004579485870888,0.12007284251308918
avg_payoff,deterministic,log10_lambda*loss_aversion,-0.00034465684379734215,0.042929892900573696
avg_payoff,stochastic,v_cost*loss,0.003706356535807729,0.028414607467907534
avg_payoff,stochastic,v_cost*tpr,0.004425912647711375,0.03222856943714802
avg_payoff,stochastic,v_cost*fpr,0.016958938732362212,0.03824787879578555
avg_payoff,stochastic,v_cost*p_fake,-0.014101026114917037,0.03641165548332813
avg_payoff,stochastic,v_cost*log10_lambda,0.016042710171747104,0.040009191832476414
avg_payoff,stochastic,v_cost*loss_aversion,0.008572637772475897,0.029009821984178244
avg_payoff,stochastic,loss*tpr,0.018350112362620963,0.05053615173238378
avg_payoff,stochastic,loss*fpr,-0.009335736934597487,0.052260116534512326
avg_payoff,stochastic,loss*p_fake,-7.371776327794177e-05,0.06901430878762053
avg_payoff,stochastic,loss*log10_lambda,0.011797096506700855,0.055735171986944596
avg_payoff,stochastic,loss*loss_aversion,-0.003384728765824854,0.053832951500684394
avg_payoff,stochastic,tpr*fpr,-0.016932296401696474,0.058205902862694454
avg_payoff,stochastic,tpr*p_fake,-0.013574479487348023,0.06174040633450227
avg_payoff,stochastic,tpr*log10_lambda,-0.005791681164119031,0.05549559796380699
avg_payoff,stochastic,tpr*loss_aversion,-0.0061928693507944,0.07006201419974349
avg_payoff,stochastic,fpr*p_fake,0.021551432281994964,0.07186379147374415
avg_payoff,stochastic,fpr*log10_lambda,0.01593006385952675,0.07445266524234352
avg_payoff,stochastic,fpr*loss_aversion,0.026646076347136716,0.07029210380260648
avg_payoff,stochastic,p_fake*log10_lambda,0.10059827554631648,0.12074775400458469
avg_payoff,stochastic,p_fake*loss_aversion,0.029848107219543073,0.0921705492909516
avg_payoff,stochastic,log10_lambda*loss_aversion,-0.012443701673785421,0.07399160927204117
sen_welfare,deterministic,v_cost*loss,0.0003110963059566596,0.014540202736177496
sen_welfare,deterministic,v_cost*tpr,0.0008048041099740083,0.01467217199553598
sen_welfare,deterministic,v_cost*fpr,0.003881713157485967,0.014041793582018337
sen_welfare,deterministic,v_cost*p_fake,0.006833392934769589,0.01341456447525105
sen_welfare,deterministic,v_cost*log10_lambda,0.004207344037208072,0.014718597759507743
sen_welfare,deterministic,v_cost*loss_aversion,0.005885442750576175,0.014501339773418434
sen_welfare,deterministic,loss*tpr,0.003187727465547338,0.03489989961832471
sen_welfare,deterministic,loss*fpr,0.0047821551010949065,0.034566288617119634
sen_welfare,deterministic,loss*p_fake,0.00891992897344196,0.035329839754262835
sen_welfare,deterministic,loss*log10_lambda,0.01484695398117887,0.03575539000593124
sen_welfare,deterministic,loss*loss_aversion,0.00022701483155560063,0.033909715821616664
sen_welfare,deterministic,tpr*fpr,0.012395167649493798,0.04220687631392622
sen_welfare,deterministic,tpr*p_fake,0.01536003504110861,0.04080493724576366
sen_welfare,deterministic,tpr*log10_lambda,0.0016583186499253694,0.04088724242770935
sen_welfare,deterministic,tpr*loss_aversion,-0.001495842006746506,0.03962997644988798
sen_welfare,deterministic,fpr*p_fake,-0.00023303440119248897,0.030923152407371632
sen_welfare,deterministic,fpr*log10_lambda,-0.007423559449105194,0.031031348526058558
sen_welfare,deterministic,fpr*loss_aversion,-0.0006107587503807075,0.030651697401866813
sen_welfare,deterministic,p_fake*log10_lambda,0.038612492730039444,0.0913313835447862
sen_welfare,deterministic,p_fake*loss_aversion,0.003836876661780797,0.07749337970581907
sen_welfare,deterministic,log10_lambda*loss_aversion,-0.0311951944387641,0.04813014288084876
sen_welfare,stochastic,v_cost*loss,0.005346419203491734,0.02591095126452227
sen_welfare,stochastic,v_cost*tpr,0.006870707303927165,0.030565206792845762
sen_welfare,stochastic,v_cost*fpr,-0.010795617344105706,0.02592536624160934
sen_welfare,stochastic,v_cost*p_fake,-0.016539506525788422,0.03146750569033722
sen_welfare,stochastic,v_cost*log10_lambda,-0.006200301877516301,0.02968345998904827
sen_welfare,stochastic,v_cost*loss_aversion,-0.0046344497830671265,0.0328014043558034
sen_welfare,stochastic,loss*tpr,0.002958694309738358,0.07147189151199164
sen_welfare,stochastic,loss*fpr,-0.012349005176271024,0.05117995939245736
sen_welfare,stochastic,loss*p_fake,-0.0077921376559314665,0.0698980878073953
sen_welfare,stochastic,loss*log10_lambda,-0.0013817401286036757,0.06749329876506094
sen_welfare,stochastic,loss*loss_aversion,-0.029959227636918724,0.049931984694510316
sen_welfare,stochastic,tpr*fpr,0.008371788144580762,0.11031962920222038
sen_welfare,stochastic,tpr*p_fake,0.022015768344655864,0.11866872119297857
sen_welfare,stochastic,tpr*log10_lambda,0.010351913123924111,0.11347533561745829
sen_welfare,stochastic,tpr*loss_aversion,-0.02011174842979726,0.08697779521452652
sen_welfare,stochastic,fpr*p_fake,-0.030940716826264057,0.04228698685695638
sen_welfare,stochastic,fpr*log10_lambda,-0.0207594551761546,0.0401955678281063
sen_welfare,stochastic,fpr*loss_aversion,-0.03543498663643103,0.038778866604483625
sen_welfare,stochastic,p_fake*log10_lambda,0.06110638689075856,0.10865810799943214
sen_welfare,stochastic,p_fake*loss_aversion,0.05632957543628448,0.09560298645614157
sen_welfare,stochastic,log10_lambda*loss_aversion,-0.09159128330005134,0.08008104190363882
